{
  "train_runtime": 9280.1244,
  "train_samples_per_second": 11.099,
  "train_steps_per_second": 1.388,
  "total_flos": 2.317299336087552e+16,
  "train_loss": 0.24543846853031134,
  "epoch": 10.0
}